--
-- PostgreSQL database dump
--

-- Dumped from database version 12.9 (Ubuntu 12.9-2.pgdg20.04+1)
-- Dumped by pg_dump version 12.9 (Ubuntu 12.9-2.pgdg20.04+1)

SET statement_timeout = 0;
SET lock_timeout = 0;
SET idle_in_transaction_session_timeout = 0;
SET client_encoding = 'UTF8';
SET standard_conforming_strings = on;
SELECT pg_catalog.set_config('search_path', '', false);
SET check_function_bodies = false;
SET xmloption = content;
SET client_min_messages = warning;
SET row_security = off;

DROP DATABASE universe;
--
-- Name: universe; Type: DATABASE; Schema: -; Owner: freecodecamp
--

CREATE DATABASE universe WITH TEMPLATE = template0 ENCODING = 'UTF8' LC_COLLATE = 'C.UTF-8' LC_CTYPE = 'C.UTF-8';


ALTER DATABASE universe OWNER TO freecodecamp;

\connect universe

SET statement_timeout = 0;
SET lock_timeout = 0;
SET idle_in_transaction_session_timeout = 0;
SET client_encoding = 'UTF8';
SET standard_conforming_strings = on;
SELECT pg_catalog.set_config('search_path', '', false);
SET check_function_bodies = false;
SET xmloption = content;
SET client_min_messages = warning;
SET row_security = off;

SET default_tablespace = '';

SET default_table_access_method = heap;

--
-- Name: dwarf_planet; Type: TABLE; Schema: public; Owner: freecodecamp
--

CREATE TABLE public.dwarf_planet (
    dwarf_planet_id integer NOT NULL,
    name character varying(50) NOT NULL,
    description text
);


ALTER TABLE public.dwarf_planet OWNER TO freecodecamp;

--
-- Name: dwarf_planet_dwarf_planet_id_seq; Type: SEQUENCE; Schema: public; Owner: freecodecamp
--

CREATE SEQUENCE public.dwarf_planet_dwarf_planet_id_seq
    AS integer
    START WITH 1
    INCREMENT BY 1
    NO MINVALUE
    NO MAXVALUE
    CACHE 1;


ALTER TABLE public.dwarf_planet_dwarf_planet_id_seq OWNER TO freecodecamp;

--
-- Name: dwarf_planet_dwarf_planet_id_seq; Type: SEQUENCE OWNED BY; Schema: public; Owner: freecodecamp
--

ALTER SEQUENCE public.dwarf_planet_dwarf_planet_id_seq OWNED BY public.dwarf_planet.dwarf_planet_id;


--
-- Name: galaxy; Type: TABLE; Schema: public; Owner: freecodecamp
--

CREATE TABLE public.galaxy (
    galaxy_id integer NOT NULL,
    name character varying(50) NOT NULL,
    no_of_planets integer,
    description text,
    galaxy_type text
);


ALTER TABLE public.galaxy OWNER TO freecodecamp;

--
-- Name: galaxy_galaxyid_seq; Type: SEQUENCE; Schema: public; Owner: freecodecamp
--

CREATE SEQUENCE public.galaxy_galaxyid_seq
    AS integer
    START WITH 1
    INCREMENT BY 1
    NO MINVALUE
    NO MAXVALUE
    CACHE 1;


ALTER TABLE public.galaxy_galaxyid_seq OWNER TO freecodecamp;

--
-- Name: galaxy_galaxyid_seq; Type: SEQUENCE OWNED BY; Schema: public; Owner: freecodecamp
--

ALTER SEQUENCE public.galaxy_galaxyid_seq OWNED BY public.galaxy.galaxy_id;


--
-- Name: moon; Type: TABLE; Schema: public; Owner: freecodecamp
--

CREATE TABLE public.moon (
    moon_id integer NOT NULL,
    name character varying(50) NOT NULL,
    planet_id integer,
    description text,
    moon_type text
);


ALTER TABLE public.moon OWNER TO freecodecamp;

--
-- Name: moon_moonid_seq; Type: SEQUENCE; Schema: public; Owner: freecodecamp
--

CREATE SEQUENCE public.moon_moonid_seq
    AS integer
    START WITH 1
    INCREMENT BY 1
    NO MINVALUE
    NO MAXVALUE
    CACHE 1;


ALTER TABLE public.moon_moonid_seq OWNER TO freecodecamp;

--
-- Name: moon_moonid_seq; Type: SEQUENCE OWNED BY; Schema: public; Owner: freecodecamp
--

ALTER SEQUENCE public.moon_moonid_seq OWNED BY public.moon.moon_id;


--
-- Name: planet; Type: TABLE; Schema: public; Owner: freecodecamp
--

CREATE TABLE public.planet (
    planet_id integer NOT NULL,
    name character varying(50),
    size_in_km2 numeric,
    no_of_moons integer,
    is_gas_planet boolean,
    star_id integer NOT NULL
);


ALTER TABLE public.planet OWNER TO freecodecamp;

--
-- Name: planet_planetid_seq; Type: SEQUENCE; Schema: public; Owner: freecodecamp
--

CREATE SEQUENCE public.planet_planetid_seq
    AS integer
    START WITH 1
    INCREMENT BY 1
    NO MINVALUE
    NO MAXVALUE
    CACHE 1;


ALTER TABLE public.planet_planetid_seq OWNER TO freecodecamp;

--
-- Name: planet_planetid_seq; Type: SEQUENCE OWNED BY; Schema: public; Owner: freecodecamp
--

ALTER SEQUENCE public.planet_planetid_seq OWNED BY public.planet.planet_id;


--
-- Name: star; Type: TABLE; Schema: public; Owner: freecodecamp
--

CREATE TABLE public.star (
    star_id integer NOT NULL,
    name character varying(50),
    is_dwarf boolean,
    galaxy_id integer NOT NULL,
    star text
);


ALTER TABLE public.star OWNER TO freecodecamp;

--
-- Name: star_starid_seq; Type: SEQUENCE; Schema: public; Owner: freecodecamp
--

CREATE SEQUENCE public.star_starid_seq
    AS integer
    START WITH 1
    INCREMENT BY 1
    NO MINVALUE
    NO MAXVALUE
    CACHE 1;


ALTER TABLE public.star_starid_seq OWNER TO freecodecamp;

--
-- Name: star_starid_seq; Type: SEQUENCE OWNED BY; Schema: public; Owner: freecodecamp
--

ALTER SEQUENCE public.star_starid_seq OWNED BY public.star.star_id;


--
-- Name: dwarf_planet dwarf_planet_id; Type: DEFAULT; Schema: public; Owner: freecodecamp
--

ALTER TABLE ONLY public.dwarf_planet ALTER COLUMN dwarf_planet_id SET DEFAULT nextval('public.dwarf_planet_dwarf_planet_id_seq'::regclass);


--
-- Name: galaxy galaxy_id; Type: DEFAULT; Schema: public; Owner: freecodecamp
--

ALTER TABLE ONLY public.galaxy ALTER COLUMN galaxy_id SET DEFAULT nextval('public.galaxy_galaxyid_seq'::regclass);


--
-- Name: moon moon_id; Type: DEFAULT; Schema: public; Owner: freecodecamp
--

ALTER TABLE ONLY public.moon ALTER COLUMN moon_id SET DEFAULT nextval('public.moon_moonid_seq'::regclass);


--
-- Name: planet planet_id; Type: DEFAULT; Schema: public; Owner: freecodecamp
--

ALTER TABLE ONLY public.planet ALTER COLUMN planet_id SET DEFAULT nextval('public.planet_planetid_seq'::regclass);


--
-- Name: star star_id; Type: DEFAULT; Schema: public; Owner: freecodecamp
--

ALTER TABLE ONLY public.star ALTER COLUMN star_id SET DEFAULT nextval('public.star_starid_seq'::regclass);


--
-- Data for Name: dwarf_planet; Type: TABLE DATA; Schema: public; Owner: freecodecamp
--

INSERT INTO public.dwarf_planet VALUES (1, 'Pluto', 'Used to be a planet');
INSERT INTO public.dwarf_planet VALUES (2, 'Ceres', 'First asteroid ever discovered');
INSERT INTO public.dwarf_planet VALUES (3, 'Eris', 'Same size as Pluto');


--
-- Data for Name: galaxy; Type: TABLE DATA; Schema: public; Owner: freecodecamp
--

INSERT INTO public.galaxy VALUES (1, 'Solar System', 8, NULL, NULL);
INSERT INTO public.galaxy VALUES (2, 'Andromeda', NULL, NULL, NULL);
INSERT INTO public.galaxy VALUES (3, 'Sombrero', NULL, NULL, NULL);
INSERT INTO public.galaxy VALUES (4, 'Whirlpool', NULL, NULL, NULL);
INSERT INTO public.galaxy VALUES (5, 'Black Eye', NULL, NULL, NULL);
INSERT INTO public.galaxy VALUES (6, 'Cartwheel', NULL, NULL, NULL);


--
-- Data for Name: moon; Type: TABLE DATA; Schema: public; Owner: freecodecamp
--

INSERT INTO public.moon VALUES (1, 'The Moon', 1, NULL, NULL);
INSERT INTO public.moon VALUES (2, 'Phobos', 2, NULL, NULL);
INSERT INTO public.moon VALUES (3, 'Deimos', 2, NULL, NULL);
INSERT INTO public.moon VALUES (4, 'Triton', 5, NULL, NULL);
INSERT INTO public.moon VALUES (5, 'Neso', 5, NULL, NULL);
INSERT INTO public.moon VALUES (6, 'Sao', 5, NULL, NULL);
INSERT INTO public.moon VALUES (7, 'Titan', 7, NULL, NULL);
INSERT INTO public.moon VALUES (8, 'Telesto', 7, NULL, NULL);
INSERT INTO public.moon VALUES (9, 'Dione', 7, NULL, NULL);
INSERT INTO public.moon VALUES (10, 'Hyperion', 7, NULL, NULL);
INSERT INTO public.moon VALUES (11, 'Rhea', 7, NULL, NULL);
INSERT INTO public.moon VALUES (12, 'Tethys', 7, NULL, NULL);
INSERT INTO public.moon VALUES (13, 'Umbriel', 6, NULL, NULL);
INSERT INTO public.moon VALUES (14, 'Europa', 7, NULL, NULL);
INSERT INTO public.moon VALUES (15, 'Io', 7, NULL, NULL);
INSERT INTO public.moon VALUES (16, 'Ganymede', 7, NULL, NULL);
INSERT INTO public.moon VALUES (17, 'Mimas', 8, NULL, NULL);
INSERT INTO public.moon VALUES (18, 'Iapetus', 8, NULL, NULL);
INSERT INTO public.moon VALUES (19, 'Daphnis', 8, NULL, NULL);
INSERT INTO public.moon VALUES (20, 'Ymir', 8, NULL, NULL);


--
-- Data for Name: planet; Type: TABLE DATA; Schema: public; Owner: freecodecamp
--

INSERT INTO public.planet VALUES (1, 'Earth', NULL, 1, NULL, 1);
INSERT INTO public.planet VALUES (2, 'Mars', NULL, 2, NULL, 1);
INSERT INTO public.planet VALUES (3, 'Venus', NULL, 0, NULL, 1);
INSERT INTO public.planet VALUES (4, 'Mercury', NULL, 0, NULL, 1);
INSERT INTO public.planet VALUES (5, 'Neptune', NULL, 14, NULL, 1);
INSERT INTO public.planet VALUES (6, 'Uranus', NULL, 27, NULL, 1);
INSERT INTO public.planet VALUES (7, 'Jupiter', NULL, NULL, NULL, 1);
INSERT INTO public.planet VALUES (8, 'Saturn', NULL, NULL, NULL, 1);
INSERT INTO public.planet VALUES (9, 'Proxima b', NULL, NULL, NULL, 7);
INSERT INTO public.planet VALUES (10, 'Proxima d', NULL, NULL, NULL, 7);
INSERT INTO public.planet VALUES (11, 'Tau Ceti b', NULL, NULL, NULL, 8);
INSERT INTO public.planet VALUES (12, 'Tau Ceti c', NULL, NULL, NULL, 8);
INSERT INTO public.planet VALUES (13, 'Tau Ceti d', NULL, NULL, NULL, 8);
INSERT INTO public.planet VALUES (14, 'Tau Ceti e', NULL, NULL, NULL, 8);


--
-- Data for Name: star; Type: TABLE DATA; Schema: public; Owner: freecodecamp
--

INSERT INTO public.star VALUES (1, 'The Sun', true, 1, NULL);
INSERT INTO public.star VALUES (2, 'Sirius', NULL, 1, NULL);
INSERT INTO public.star VALUES (3, 'Vega', NULL, 1, NULL);
INSERT INTO public.star VALUES (4, 'Polaris', NULL, 1, NULL);
INSERT INTO public.star VALUES (5, 'Alpha Centauri', NULL, 1, NULL);
INSERT INTO public.star VALUES (6, 'Betelgeuse', NULL, 1, NULL);
INSERT INTO public.star VALUES (7, 'Proxima Centauri', NULL, 1, NULL);
INSERT INTO public.star VALUES (8, 'Tau Ceti', NULL, 1, NULL);


--
-- Name: dwarf_planet_dwarf_planet_id_seq; Type: SEQUENCE SET; Schema: public; Owner: freecodecamp
--

SELECT pg_catalog.setval('public.dwarf_planet_dwarf_planet_id_seq', 1, false);


--
-- Name: galaxy_galaxyid_seq; Type: SEQUENCE SET; Schema: public; Owner: freecodecamp
--

SELECT pg_catalog.setval('public.galaxy_galaxyid_seq', 1, false);


--
-- Name: moon_moonid_seq; Type: SEQUENCE SET; Schema: public; Owner: freecodecamp
--

SELECT pg_catalog.setval('public.moon_moonid_seq', 1, true);


--
-- Name: planet_planetid_seq; Type: SEQUENCE SET; Schema: public; Owner: freecodecamp
--

SELECT pg_catalog.setval('public.planet_planetid_seq', 1, false);


--
-- Name: star_starid_seq; Type: SEQUENCE SET; Schema: public; Owner: freecodecamp
--

SELECT pg_catalog.setval('public.star_starid_seq', 1, false);


--
-- Name: dwarf_planet dwarf_planet_dwarf_planet_id_key; Type: CONSTRAINT; Schema: public; Owner: freecodecamp
--

ALTER TABLE ONLY public.dwarf_planet
    ADD CONSTRAINT dwarf_planet_dwarf_planet_id_key UNIQUE (dwarf_planet_id);


--
-- Name: dwarf_planet dwarf_planet_pkey; Type: CONSTRAINT; Schema: public; Owner: freecodecamp
--

ALTER TABLE ONLY public.dwarf_planet
    ADD CONSTRAINT dwarf_planet_pkey PRIMARY KEY (dwarf_planet_id);


--
-- Name: galaxy galaxy_galaxy_id_key; Type: CONSTRAINT; Schema: public; Owner: freecodecamp
--

ALTER TABLE ONLY public.galaxy
    ADD CONSTRAINT galaxy_galaxy_id_key UNIQUE (galaxy_id);


--
-- Name: galaxy galaxy_pkey; Type: CONSTRAINT; Schema: public; Owner: freecodecamp
--

ALTER TABLE ONLY public.galaxy
    ADD CONSTRAINT galaxy_pkey PRIMARY KEY (galaxy_id);


--
-- Name: moon moon_moon_id_key; Type: CONSTRAINT; Schema: public; Owner: freecodecamp
--

ALTER TABLE ONLY public.moon
    ADD CONSTRAINT moon_moon_id_key UNIQUE (moon_id);


--
-- Name: moon moon_pkey; Type: CONSTRAINT; Schema: public; Owner: freecodecamp
--

ALTER TABLE ONLY public.moon
    ADD CONSTRAINT moon_pkey PRIMARY KEY (moon_id);


--
-- Name: planet planet_pkey; Type: CONSTRAINT; Schema: public; Owner: freecodecamp
--

ALTER TABLE ONLY public.planet
    ADD CONSTRAINT planet_pkey PRIMARY KEY (planet_id);


--
-- Name: planet planet_planet_id_key; Type: CONSTRAINT; Schema: public; Owner: freecodecamp
--

ALTER TABLE ONLY public.planet
    ADD CONSTRAINT planet_planet_id_key UNIQUE (planet_id);


--
-- Name: star star_pkey; Type: CONSTRAINT; Schema: public; Owner: freecodecamp
--

ALTER TABLE ONLY public.star
    ADD CONSTRAINT star_pkey PRIMARY KEY (star_id);


--
-- Name: star star_star_id_key; Type: CONSTRAINT; Schema: public; Owner: freecodecamp
--

ALTER TABLE ONLY public.star
    ADD CONSTRAINT star_star_id_key UNIQUE (star_id);


--
-- Name: moon moon_planet_id_fkey; Type: FK CONSTRAINT; Schema: public; Owner: freecodecamp
--

ALTER TABLE ONLY public.moon
    ADD CONSTRAINT moon_planet_id_fkey FOREIGN KEY (planet_id) REFERENCES public.planet(planet_id);


--
-- Name: planet planet_star_id_fkey; Type: FK CONSTRAINT; Schema: public; Owner: freecodecamp
--

ALTER TABLE ONLY public.planet
    ADD CONSTRAINT planet_star_id_fkey FOREIGN KEY (star_id) REFERENCES public.star(star_id);


--
-- Name: star star_galaxy_id_fkey; Type: FK CONSTRAINT; Schema: public; Owner: freecodecamp
--

ALTER TABLE ONLY public.star
    ADD CONSTRAINT star_galaxy_id_fkey FOREIGN KEY (galaxy_id) REFERENCES public.galaxy(galaxy_id);


--
-- Name: star star_galaxy_id_fkey1; Type: FK CONSTRAINT; Schema: public; Owner: freecodecamp
--

ALTER TABLE ONLY public.star
    ADD CONSTRAINT star_galaxy_id_fkey1 FOREIGN KEY (galaxy_id) REFERENCES public.galaxy(galaxy_id);


--
-- PostgreSQL database dump complete
--

